{"cameraMode":{"drawMode":0,"name":"Shaded","section":"Shading Mode"},"sceneLighting":true,"audioPlay":false,"sceneViewState":{"showFog":true,"showMaterialUpdate":false,"showSkybox":false,"showFlares":true,"showImageEffects":true,"showParticleSystems":true},"in2DMode":false,"pivot":{"x":5.05914831161499,"y":-10.977056503295899,"z":11.287964820861817},"rotation":{"x":0.026399211958050729,"y":0.025216178968548776,"z":-0.0006710767629556358,"w":0.9994111657142639},"size":35.33735656738281,"orthographic":false}