{"cameraMode":{"drawMode":0,"name":"Shaded","section":"Shading Mode"},"sceneLighting":false,"audioPlay":false,"sceneViewState":{"showFog":true,"showMaterialUpdate":false,"showSkybox":false,"showFlares":true,"showImageEffects":true,"showParticleSystems":true},"in2DMode":false,"pivot":{"x":-2.2832224369049074,"y":0.2089262753725052,"z":-1.9410020112991334},"rotation":{"x":0.03747360035777092,"y":0.18068155646324159,"z":-0.006886808667331934,"w":0.9828169941902161},"size":7.379779815673828,"orthographic":false}