{"cameraMode":{"drawMode":0,"name":"Shaded","section":"Shading Mode"},"sceneLighting":true,"audioPlay":false,"sceneViewState":{"showFog":true,"showMaterialUpdate":false,"showSkybox":true,"showFlares":true,"showImageEffects":true,"showParticleSystems":true},"in2DMode":false,"pivot":{"x":141.839599609375,"y":195.14102172851563,"z":43.13154983520508},"rotation":{"x":0.14111556112766267,"y":0.06799764931201935,"z":-0.009639985859394074,"w":0.9876887798309326},"size":706.1654663085938,"orthographic":false}