{"cameraMode":{"drawMode":0,"name":"Shaded","section":"Shading Mode"},"sceneLighting":true,"audioPlay":false,"sceneViewState":{"showFog":true,"showMaterialUpdate":false,"showSkybox":false,"showFlares":true,"showImageEffects":true,"showParticleSystems":true},"in2DMode":false,"pivot":{"x":25.531631469726564,"y":9.553641319274903,"z":11.341443061828614},"rotation":{"x":0.026399211958050729,"y":0.025216178968548776,"z":-0.0006710767629556358,"w":0.9994111657142639},"size":218.54803466796876,"orthographic":false}