{"cameraMode":{"drawMode":0,"name":"Shaded","section":"Shading Mode"},"sceneLighting":true,"audioPlay":false,"sceneViewState":{"showFog":true,"showMaterialUpdate":false,"showSkybox":true,"showFlares":true,"showImageEffects":true,"showParticleSystems":true},"in2DMode":false,"pivot":{"x":346.82080078125,"y":141.6911163330078,"z":-8.544971466064454},"rotation":{"x":0.14111556112766267,"y":0.06799764931201935,"z":-0.009639985859394074,"w":0.9876887798309326},"size":788.4569702148438,"orthographic":false}