{"cameraMode":{"drawMode":0,"name":"Shaded","section":"Shading Mode"},"sceneLighting":true,"audioPlay":false,"sceneViewState":{"showFog":true,"showMaterialUpdate":false,"showSkybox":true,"showFlares":true,"showImageEffects":true,"showParticleSystems":true},"in2DMode":false,"pivot":{"x":-5.585076332092285,"y":5.917425155639648,"z":20.09762191772461},"rotation":{"x":-0.02459920197725296,"y":-0.024309339001774789,"z":0.000662036647554487,"w":-0.9994380474090576},"size":66.28247833251953,"orthographic":false}