{"cameraMode":{"drawMode":0,"name":"Shaded","section":"Shading Mode"},"sceneLighting":true,"audioPlay":false,"sceneViewState":{"showFog":true,"showMaterialUpdate":false,"showSkybox":true,"showFlares":true,"showImageEffects":true,"showParticleSystems":true},"in2DMode":false,"pivot":{"x":9.215639114379883,"y":-20.185054779052736,"z":5.4783735275268559},"rotation":{"x":0.2120237648487091,"y":0.2543323040008545,"z":-0.057267412543296817,"w":0.9419338703155518},"size":27.730783462524415,"orthographic":false}