{"cameraMode":{"drawMode":0,"name":"Shaded","section":"Shading Mode"},"sceneLighting":true,"audioPlay":false,"sceneViewState":{"showFog":true,"showMaterialUpdate":false,"showSkybox":true,"showFlares":true,"showImageEffects":true,"showParticleSystems":true},"in2DMode":false,"pivot":{"x":5.529243469238281,"y":-4.335834980010986,"z":-7.935418605804443},"rotation":{"x":0.06820293515920639,"y":0.3968280553817749,"z":-0.029591752216219903,"w":0.9149616956710815},"size":3.3452341556549074,"orthographic":false}